 -- teeme andmebaasi ehk db
 create database IKT25tar

  -- andmebaasi valimine
  use IKT25tar

  -- andmebaasi kustutamine
  drop database IKT25tar

  -- teeme uuesti andmebaasi IKT25tar
  create database IKT25tar

  -- teeme tabeli
  create table Gender
  (
  --Meil on muutuja Id,
  --mis on tõisarv andmet³³p,
  --kui sisetad andmed, siis see veerg peab olema tõidetud
  --tegemist on primaarv§tmega
  Id int not null primary key,
  --Veeru nimi on Gender,
  --10 tõhemõrki on max pikkus
  --andmed peavad olema sisestatud ehk
  -- ei tohi olla t³hi
  Gender nvarchar(10) not null
  )

  --andmete sisestamine
  --proovige ise teha
  -- Id 1, Gender Male
  -- Id 2, Gender Female
  insert into Gender (Id, Gender)
  Values (1, 'Male'),
  (2, 'Female');

  --vaatame tabeli sisu
  -- * tõhendab, et nõita k§ike seal sees olevat infot
  select * from Gender

  --teeme tabeli nimega Person
  --veeru nimed: Id Int not null primary key
  --Name nvarchar (30)
  --Email nvarchar (30)
  --Genderid int
  drop table Person

  Create Table Person
  (
  Id int not null primary key,
  Age nvarchar(10),
  Name nvarchar(30),
  Email nvarchar(30),
  GenderId int
  )

  insert into Person (Id, Name, Email, GenderId)
  values (1, 'Superman', 's@s.com', 2),
  (2, 'Wonderwoman', 'w@w.com', 1),
  (3, 'Batman', 'b@b.com', 2),
  (4, 'Aquaman', 'a@a.com', 2),
  (5, 'Catwoman', 'c@c.com', 1),
  (6, 'Antman', 'ant"ant.com', 2),
  (8, NULL, NULL, 2)

  --nõen tabelis olevat infot
  select * from Person

  --v§§rv§tme ³henduse loomine kahe tabeli vahel
  alter table Person add constraint tblPerson_GenderId_FK
  foreign key (GenderId) references Gender(Id)

  --kui sisestad uue rea andmeid ja ei ole sisestanud GenderId alla
  --võõrtust, siis automaatselt sisestab sellele reale võõrtuse 3
  -- ehk unknown
  alter table Person
  add constraint DF_Persons_GenderId
  Default 3 for GenderId

  insert into Gender (Id, Gender)
  values (3, 'Unknown')

  insert into Person (Id, Name, Email, GenderId)
  values (7, 'Black Panther', 'b@b.com', NULL)

  insert into Person (Id, Name, Email)
  values (9, 'Spiderman', 'spider@m.com')

  select * from Person

  --prriangu kustutamine
  alter table Person
  drop constraint DF_Persons_GenderId

  --kuidas lisada veergu tabelile Person
  --Veeru nimi on Age nvarchar(10)
  alter table Person
  add constraint CK_Person_Age check (Age > 0 and Age < 155)

  --kuidas uuendada andmeid
  update Person
  set Age = 159
  where Id = 7

  select * from Person

  --soovin kustutada ³he rea
  --kuidas seda teha
  delete from Person
  where Id = 8

  -- lisame uue veeru City nvarchar(50)
  alter table Person
  add City nvarchar(50)

  --k§ik, kes elavad Gothami linnas
  select * from Person where City = 'Gotham'
  --k§ik, kes ei ela Gothamis
  select * from Person Where City != 'Gotham'
  --variant nr2. k§ik, kes ei ela Gothamis
  select * from Person where City <> 'Gotham'

  --nõitab teatud vanusega inimesi
  --valime 151, 35, 25
  select * from Person Where Age In (151, 35, 23)
  --Teine v§imalus
  select * from Person Where Age = 151 or Age = 35 or Age = 23

  --soovin nõha inimesi vahemikus 22 kuni 41
  select * from Person Where Age between 22 and 41

  --wildcard ehk nõitab k§ik g-tõhega linnad
  select * from Person Where City Like 'g%';
  --otsib emailid @-mõrgiga
  select * from Person Where Email like '%@%';

  --tahan nõga, kellel on emailis ees ja peale @-mõrki ³ks tõht
  select * from Person Where Email like '_@_.com'

  --k§ik, kelle nimes ei ole esimene tõht W, A, S
  select * from Person Where Name like '[^WAS]%'

  --k§ik kes elavad gothamis ja new yorkis
    select * from Person Where (City = 'Gotham City' or City = 'New York')

	--k§ik, kes elavad gothamis ja new yeorkis ning peavad olema vanemad kui 29
	select * from Person Where (City = 'Gotham City' or City = 'New York' and Age > 29)

	--kuvad tõhestikulises jõrjekorras inimesi ja v§tab aluseks
	--name veeru
	select * from Person
	select * from Person order by Name

	--v§tab kolm esimest rida person tabelist
	select TOP 3 * from Person;

	--kolm esimest, aga tabeli jõrjestus on Age ja siis Name
	select TOP 3 Age, Name from Person

	--nõita esimsed 50% tabelist
	select TOP 50 PERCENT * from Person

	--jõrjesta vanuse jõrgi isikud
	select * from Person order By Age desc

	--muudab Age muutuja int-ks ja nõitab vanuselises jõrjestuses
	--cast abil saab andmet³³pi muuta
	select * from Person order by cast(Age as int) desc

	--k§ikide isikue koondvanus ehk liidab k§ik kokku
	select Sum(cast(Age as int)) from Person

	--k§ige noorem isik tuleb leida ³les
	select min(cast(Age as int)) from Person

	--k§ige vanim isik
	select max(cast(Age as int)) from Person

	--muudame Age muutuja int peale
	--nõeme konkreetsetes linnades olevate ikikute koondvanust
	select City, SUM(Age) as TotalAge from Person group By City

	--kuidas saab koodiga muuta andmet³³pin ja selle pikkust
	alter table Person
	alter column Name nvarchar(25)

	--kuvab esimeses real võlja toodud jõrjestuses ja kuvab Age-i
	--TotalAge-ks
	--jõrjest City-s olevate nimede jõrgi ja siis GenderId jõrgi
	--kasutada group by-d ja order by-d
	select City, GenderId, SUM(Age) as TotalAge from Person
	group by City, GenderId
	order by City

	--nõitab mitu rida andmeid on selles tabelis
	Select COUNT(*) From Person

	--nõitab tulemust, et mitu inimest on GenderId võõrtusega 2
	--konkreetses linnas
	--arvutab vanuse kokku selles linnas
	select GenderId, City, sum(Age) as TotalAge, count(Id) as
	[Total Person(s)] from Person
	Where GenderId = '2'
	group by GenderId, City

	--nõitab õra inimeste koondvanuse, mis ³le 41a ja
	--kui palju neid igas linnas elab
	--eristab inimese soo õra
	select GenderId, City, sum(Age) as TotalAge, count(Id) as
	[Total Person(s)] from Person
	where GenderId = '2'
	group by GenderId, City having SUM(Age) > 41

	--loome tabelid Employees ja Department
	create table Department
	(
	Id int primary key,
	DepartmentName nvarchar(50),
	Location nvarchar(50),
	DepartmentHead nvarchar(50)
	)

	create table Employees
	(
	Id int primary key,
	Name nvarchar(50),
	Gender nvarchar(50),
	Salary nvarchar(50),
	DepartmentId int
	)

	insert into Employees (Id, Name, Gender, Salary, DepartmentId)
	values (1, 'Tom', 'Male', 4000, 1),
	(2, 'Pam', 'Female', 3000, 3),
	(3, 'John', 'Male', 3500, 1),
	(4, 'Sam', 'Male', 4500, 2),
	(5, 'Todd', 'Male', 2800, 2),
	(6, 'Ben', 'Male', 7000, 1),
	(7, 'Sara', 'Female', 4800, 3),
	(8, 'Valarie', 'Female', 5500, 1),
	(9, 'James', 'Male', 6500, NULL),
	(10, 'Russell', 'Male', 8800, NULL)

	select * from Employees

	insert into Department (Id, DepartmentName, Location, DepartmentHead)
	values (1, 'IT', 'London', 'Rick'),
	(2, 'Payroll', 'Delhi', 'Ron'),
	(3, 'HR', 'New York', 'Christie'),
	(4, 'Other Department', 'Sydney', 'Cindrella')

	select * from Department

	---
	select Name, Gender, Salary, DepartmentName
	from Employees
	left join Department
	on Employees.DepartmentId = Department.Id
	---

	--arvutab k§ikide palgad kokku
	select Sum(cast(Salary as int)) from Employees

	--k§ige võiksema palga saaja
	select min(cast(Salary as int)) from Employees

	--nõitab veerge Location ja Salary. Salary veerg kuvtakse TotalSalary-ks
	--teha left join Department tabeliga
	--grupitab Locationiga

	select Location, Sum(cast(Salary as int)) as TotalSalary from Employees
	left join Department
	on Employees.DepartmentId = Department.Id
	group by Location

	select * from Employees
	select SUM(cast(Salary as int)) from Employees

	--lisame veeru City ja pikkus on 30

	alter table Employees
	add City nvarchar(30)

	select City, Gender, SUM(cast(Salary as int)) as TotalSalary
	from Employees
	group by City, Gender

	--peaaegu sama põring, aga linnad on tõhestikulises jõrjestuses
	select City, Gender, SUM(cast(Salary as int)) as TotalSalary
	from Employees
	group by City, Gender order by City

	--on vaja teada, etmitu inimest on nimekirjas

	Select COUNT(*) From Employees

	--mitu t÷÷tajat on soo ja linna kaupa t÷÷tamas
	select City, Gender, SUM(cast(Salary as int)) as TotalSalary,
	COUNT(Id) as [Total Employee(s)]
	from Employees
	group by Gender, City

	--kuvab kas naised v§i mehed linnade kaupa
	--kasutage where

	select City, Gender, SUM(cast(Salary as int)) as TotalSalary,
	COUNT(Id) as [Total Employee(s)]
	from Employees
	Where Gender = 'Male'
	group by Gender, City

	--sama tulemus nagu eelmine, aga kasutame having

	select City, Gender, SUM(cast(Salary as int)) as TotalSalary,
	COUNT(Id) as [Total Employee(s)]
	from Employees
	group by Gender, City
	Having Gender = 'Male'

	--k§ik kes teenivad rohkem kui 4000 (variandis peab error tulema)
	select * from Employees
	where SUM(cast(Salary as int)) > 4000

	--teeme variandi, kus saame tulemuse
	select  Gender, City, SUM(cast(Salary as int)) as TotalSalary,
	COUNT(Id) as [Total Employee(s)]
	from Employees
	group by Gender, City
	having SUM(CAST(salary as int)) > 4000

	--loome tabeli, milles hakatakse automaatselt nummerdama Id-d
	create table Test1
	(
	Id int identity(1,1),
	Value nvarchar(20)
	)

	insert into Test1 values('X')
	select * from Test1
	
	--kustutame veeru nimega City Employee tabelist
	alter table Employees 
	drop column City

	--inner join
	--kuvab neid, kellel on DepartmentName all olemas võõrtus
	--mitte kattuvad read eemaldatakse tulemusest
	--ja sellepõrast ei nõidata Jamesi ja Russelit tabelis
	select Name, Gender, Salary, DepartmentName
	from Employees
	inner join Department
	on Employees.DepartmentId = Department.Id

	--left join

	select Name, Gender, Salary, DepartmentName
	from Employees
	left join Department  --v§ib kasutada ka LEFT OUTER JOIN-i
	on Employees.DepartmentId = Department.Id
	--mis on left join
	--nõitab paremas tabelis olevaid võõrtuseid,
	--mis ei ³hti vasaku (Department) tabeliga

	--right join
	select Name, Gender, Salary, DepartmentName
	from Employees
	right join Department
	on Employees.DepartmentId = Department.Id
	--mis on right join
	--nõitab paremas tabelis olevaid võõrtuseid,
	--mis ei ³hti vasaku (Employees) tabeliga

	--outer join
	select Name, Gender, Salary, DepartmentName
	from Employees
	full outer join Department
	on Employees.DepartmentId = Department.Id
	--m§lema tabeli read kuvab

	--teha cross join
	select Name, Gender, Salary, DepartmentName
	from Employees
	cross join Department
	--korrutab k§ik omavahel lõbi

	--teha left join, kus Employees tabelist DepartmentId on NULL
	select Name, Gender, Salary, DepartmentName
	from Employees
	left join Department
	on Employees.DepartmentId = Department.Id
	where Employees.DepartmentId is NULL

	--teine variant ja sama tulemus
	select Name, Gender, Salary, DepartmentName
	from Employees
	left join Department
	on Employees.DepartmentId = Department.Id
	where Department.Id is NULL
	--nõitab ainult neid, kellel on vasakus tabelis (Employees)
	--DepartmentId NULL

	select Name, Gender, Salary, DepartmentName
	from Employees
	right join Department
	on Employees.DepartmentId = Department.Id
	where Employees.DepartmentId is NULL
	--nõitab ainult paremas tabelis olevat rida,
	--mis ei kattu Employees-ga

	--full join
	--peab nõitama m§lema tabeli mitte-kattuvate võõrtustega read kuvab võlja
	select Name, Gender, Salary, DepartmentName
	from Employees
	full join Department
	on Employees.DepartmentId = Department.Id
	where Employees.DepartmentId is NULL
	or DepartmentId is NULL

	--teete AdventureWorksLT2019 andmebassile join põringud
	--inner join, left join, right join, cross join, full join
	--tabeleid selle andmebaasi juurde ei tohi teha

	--Inner Join
	USE AdventureWorksLT2019
	select NameStyle, Title, FirstName
	from SalesLT.Customer
	inner join SalesLT.CustomerAddress
	on SalesLT.CustomerAddress.CustomerId = SalesLT.Customer.CustomerId

	--Left Join
	USE AdventureWorksLT2019
	select NameStyle, Title, FirstName
	from SalesLT.Customer
	left join SalesLT.CustomerAddress
	on SalesLT.CustomerAddress.CustomerId = SalesLT.Customer.CustomerId

	--Right Join
	USE AdventureWorksLT2019
	select NameStyle, Title, FirstName
	from SalesLT.Customer
	right join SalesLT.CustomerAddress
	on SalesLT.CustomerAddress.CustomerId = SalesLT.Customer.CustomerId
	 
	 --Cross Join
	USE AdventureWorksLT2019
	select NameStyle, Title, FirstName
	from SalesLT.Customer
	cross join SalesLT.CustomerAddress

	--Full Join
	USE AdventureWorksLT2019
	select NameStyle, Title, FirstName
	from SalesLT.Customer
	full  join SalesLT.CustomerAddress
	on SalesLT.CustomerAddress.CustomerId = SalesLT.Customer.CustomerId

	--m§nikord peab muutuja ette kirjutama tabeli nimetuse nagu on Product.Name
	--et editor saaks aru, et kumma tabeli muutujat soovitakse kasutada ja ei tekiks
	--segadust
	select Product.Name as [Product Name], ProductNumber, ListPrice, ProductModel.Name as [Product Model Name]
	--m§nikord peab ka tabeli ette kirjutama tõpsustama info
	--nagu on Sales.LT Producti ees
	from SalesLT.Product
	inner join SalesLT.ProductModel
	--antud juhul producti tabelis ProductModelId v§§rv§ti,
	--mis ProfuctModeli tabelis on primaarv§ti
	on Product.ProductModelId = ProductModel.ProductModelId

