 -- teeme andmebaasi ehk db
 create database IKT25tar

  -- andmebaasi valimine
  use IKT25tar

  -- andmebaasi kustutamine
  drop database IKT25tar

  -- teeme uuesti andmebaasi IKT25tar
  create database IKT25tar

  -- teeme tabeli
  create table Gender
  (
  --Meil on muutuja Id,
  --mis on tõisarv andmet³³p,
  --kui sisetad andmed, siis see veerg peab olema tõidetud
  --tegemist on primaarv§tmega
  Id int not null primary key,
  --Veeru nimi on Gender,
  --10 tõhemõrki on max pikkus
  --andmed peavad olema sisestatud ehk
  -- ei tohi olla t³hi
  Gender nvarchar(10) not null
  )

  --andmete sisestamine
  --proovige ise teha
  -- Id 1, Gender Male
  -- Id 2, Gender Female
  insert into Gender (Id, Gender)
  Values (1, 'Male'),
  (2, 'Female');

  --vaatame tabeli sisu
  -- * tõhendab, et nõita k§ike seal sees olevat infot
  select * from Gender

  --teeme tabeli nimega Person
  --veeru nimed: Id Int not null primary key
  --Name nvarchar (30)
  --Email nvarchar (30)
  --Genderid int
  drop table Person

  Create Table Person
  (
  Id int not null primary key,
  Age nvarchar(10),
  Name nvarchar(30),
  Email nvarchar(30),
  GenderId int
  )

  insert into Person (Id, Name, Email, GenderId)
  values (1, 'Superman', 's@s.com', 2),
  (2, 'Wonderwoman', 'w@w.com', 1),
  (3, 'Batman', 'b@b.com', 2),
  (4, 'Aquaman', 'a@a.com', 2),
  (5, 'Catwoman', 'c@c.com', 1),
  (6, 'Antman', 'ant"ant.com', 2),
  (8, NULL, NULL, 2)

  --nõen tabelis olevat infot
  select * from Person

  --v§§rv§tme ³henduse loomine kahe tabeli vahel
  alter table Person add constraint tblPerson_GenderId_FK
  foreign key (GenderId) references Gender(Id)

  --kui sisestad uue rea andmeid ja ei ole sisestanud GenderId alla
  --võõrtust, siis automaatselt sisestab sellele reale võõrtuse 3
  -- ehk unknown
  alter table Person
  add constraint DF_Persons_GenderId
  Default 3 for GenderId

  insert into Gender (Id, Gender)
  values (3, 'Unknown')

  insert into Person (Id, Name, Email, GenderId)
  values (7, 'Black Panther', 'b@b.com', NULL)

  insert into Person (Id, Name, Email)
  values (9, 'Spiderman', 'spider@m.com')

  select * from Person

  --prriangu kustutamine
  alter table Person
  drop constraint DF_Persons_GenderId

  --kuidas lisada veergu tabelile Person
  --Veeru nimi on Age nvarchar(10)
  alter table Person
  add constraint CK_Person_Age check (Age > 0 and Age < 155)

  --kuidas uuendada andmeid
  update Person
  set Age = 159
  where Id = 7

  select * from Person

  --soovin kustutada ³he rea
  --kuidas seda teha
  delete from Person
  where Id = 8

  -- lisame uue veeru City nvarchar(50)
  alter table Person
  add City nvarchar(50)

  --k§ik, kes elavad Gothami linnas
  select * from Person where City = 'Gotham'
  --k§ik, kes ei ela Gothamis
  select * from Person Where City != 'Gotham'
  --variant nr2. k§ik, kes ei ela Gothamis
  select * from Person where City <> 'Gotham'

  --nõitab teatud vanusega inimesi
  --valime 151, 35, 25
  select * from Person Where Age In (151, 35, 23)
  --Teine v§imalus
  select * from Person Where Age = 151 or Age = 35 or Age = 23

  --soovin nõha inimesi vahemikus 22 kuni 41
  select * from Person Where Age between 22 and 41

  --wildcard ehk nõitab k§ik g-tõhega linnad
  select * from Person Where City Like 'g%';
  --otsib emailid @-mõrgiga
  select * from Person Where Email like '%@%';

  --tahan nõga, kellel on emailis ees ja peale @-mõrki ³ks tõht
  select * from Person Where Email like '_@_.com'

  --k§ik, kelle nimes ei ole esimene tõht W, A, S
  select * from Person Where Name like '[^WAS]%'

  --k§ik kes elavad gothamis ja new yorkis
    select * from Person Where (City = 'Gotham City' or City = 'New York')

	--k§ik, kes elavad gothamis ja new yeorkis ning peavad olema vanemad kui 29
	select * from Person Where (City = 'Gotham City' or City = 'New York' and Age > 29)

	--kuvad tõhestikulises jõrjekorras inimesi ja v§tab aluseks
	--name veeru
	select * from Person
	select * from Person order by Name

	--v§tab kolm esimest rida person tabelist
	select TOP 3 * from Person;

	--kolm esimest, aga tabeli jõrjestus on Age ja siis Name
	select TOP 3 Age, Name from Person

	--nõita esimsed 50% tabelist
	select TOP 50 PERCENT * from Person

	--jõrjesta vanuse jõrgi isikud
	select * from Person order By Age desc

	--muudab Age muutuja int-ks ja nõitab vanuselises jõrjestuses
	--cast abil saab andmet³³pi muuta
	select * from Person order by cast(Age as int) desc

	--k§ikide isikue koondvanus ehk liidab k§ik kokku
	select Sum(cast(Age as int)) from Person

	--k§ige noorem isik tuleb leida ³les
	select min(cast(Age as int)) from Person

	--k§ige vanim isik
	select max(cast(Age as int)) from Person

	--muudame Age muutuja int peale
	--nõeme konkreetsetes linnades olevate ikikute koondvanust
	select City, SUM(Age) as TotalAge from Person group By City

	--kuidas saab koodiga muuta andmet³³pin ja selle pikkust
	alter table Person
	alter column Name nvarchar(25)

	--kuvab esimeses real võlja toodud jõrjestuses ja kuvab Age-i
	--TotalAge-ks
	--jõrjest City-s olevate nimede jõrgi ja siis GenderId jõrgi
	--kasutada group by-d ja order by-d
	select City, GenderId, SUM(Age) as TotalAge from Person
	group by City, GenderId
	order by City

	--nõitab mitu rida andmeid on selles tabelis
	Select COUNT(*) From Person

	--nõitab tulemust, et mitu inimest on GenderId võõrtusega 2
	--konkreetses linnas
	--arvutab vanuse kokku selles linnas
	select GenderId, City, sum(Age) as TotalAge, count(Id) as
	[Total Person(s)] from Person
	Where GenderId = '2'
	group by GenderId, City

	--nõitab õra inimeste koondvanuse, mis ³le 41a ja
	--kui palju neid igas linnas elab
	--eristab inimese soo õra
	select GenderId, City, sum(Age) as TotalAge, count(Id) as
	[Total Person(s)] from Person
	where GenderId = '2'
	group by GenderId, City having SUM(Age) > 41

	--loome tabelid Employees ja Department
	create table Department
	(
	Id int primary key,
	DepartmentName nvarchar(50),
	Location nvarchar(50),
	DepartmentHead nvarchar(50)
	)

	create table Employees
	(
	Id int primary key,
	Name nvarchar(50),
	Gender nvarchar(50),
	Salary nvarchar(50),
	DepartmentId int
	)

	insert into Employees (Id, Name, Gender, Salary, DepartmentId)
	values (1, 'Tom', 'Male', 4000, 1),
	(2, 'Pam', 'Female', 3000, 3),
	(3, 'John', 'Male', 3500, 1),
	(4, 'Sam', 'Male', 4500, 2),
	(5, 'Todd', 'Male', 2800, 2),
	(6, 'Ben', 'Male', 7000, 1),
	(7, 'Sara', 'Female', 4800, 3),
	(8, 'Valarie', 'Female', 5500, 1),
	(9, 'James', 'Male', 6500, NULL),
	(10, 'Russell', 'Male', 8800, NULL)

	select * from Employees

	insert into Department (Id, DepartmentName, Location, DepartmentHead)
	values (1, 'IT', 'London', 'Rick'),
	(2, 'Payroll', 'Delhi', 'Ron'),
	(3, 'HR', 'New York', 'Christie'),
	(4, 'Other Department', 'Sydney', 'Cindrella')

	select * from Department

	---
	select Name, Gender, Salary, DepartmentName
	from Employees
	left join Department
	on Employees.DepartmentId = Department.Id
	---

	--arvutab k§ikide palgad kokku
	select Sum(cast(Salary as int)) from Employees

	--k§ige võiksema palga saaja
	select min(cast(Salary as int)) from Employees

	--nõitab veerge Location ja Salary. Salary veerg kuvtakse TotalSalary-ks
	--teha left join Department tabeliga
	--grupitab Locationiga

	select Location, Sum(cast(Salary as int)) as TotalSalary from Employees
	left join Department
	on Employees.DepartmentId = Department.Id
	group by Location

	select * from Employees
	select SUM(cast(Salary as int)) from Employees

	--lisame veeru City ja pikkus on 30

	alter table Employees
	add City nvarchar(30)

	select City, Gender, SUM(cast(Salary as int)) as TotalSalary
	from Employees
	group by City, Gender

	--peaaegu sama põring, aga linnad on tõhestikulises jõrjestuses
	select City, Gender, SUM(cast(Salary as int)) as TotalSalary
	from Employees
	group by City, Gender order by City

	--on vaja teada, etmitu inimest on nimekirjas

	Select COUNT(*) From Employees

	--mitu t÷÷tajat on soo ja linna kaupa t÷÷tamas
	select City, Gender, SUM(cast(Salary as int)) as TotalSalary,
	COUNT(Id) as [Total Employee(s)]
	from Employees
	group by Gender, City

	--kuvab kas naised v§i mehed linnade kaupa
	--kasutage where

	select City, Gender, SUM(cast(Salary as int)) as TotalSalary,
	COUNT(Id) as [Total Employee(s)]
	from Employees
	Where Gender = 'Male'
	group by Gender, City

	--sama tulemus nagu eelmine, aga kasutame having

	select City, Gender, SUM(cast(Salary as int)) as TotalSalary,
	COUNT(Id) as [Total Employee(s)]
	from Employees
	group by Gender, City
	Having Gender = 'Male'

	--k§ik kes teenivad rohkem kui 4000 (variandis peab error tulema)
	select * from Employees
	where SUM(cast(Salary as int)) > 4000

	--teeme variandi, kus saame tulemuse
	select  Gender, City, SUM(cast(Salary as int)) as TotalSalary,
	COUNT(Id) as [Total Employee(s)]
	from Employees
	group by Gender, City
	having SUM(CAST(salary as int)) > 4000

	--loome tabeli, milles hakatakse automaatselt nummerdama Id-d
	create table Test1
	(
	Id int identity(1,1),
	Value nvarchar(20)
	)

	insert into Test1 values('X')
	select * from Test1
	
	--kustutame veeru nimega City Employee tabelist
	alter table Employees 
	drop column City

	--inner join
	--kuvab neid, kellel on DepartmentName all olemas võõrtus
	--mitte kattuvad read eemaldatakse tulemusest
	--ja sellepõrast ei nõidata Jamesi ja Russelit tabelis
	select Name, Gender, Salary, DepartmentName
	from Employees
	inner join Department
	on Employees.DepartmentId = Department.Id

	--left join

	select Name, Gender, Salary, DepartmentName
	from Employees
	left join Department  --v§ib kasutada ka LEFT OUTER JOIN-i
	on Employees.DepartmentId = Department.Id
	--mis on left join
	--nõitab paremas tabelis olevaid võõrtuseid,
	--mis ei ³hti vasaku (Department) tabeliga

	--right join
	select Name, Gender, Salary, DepartmentName
	from Employees
	right join Department
	on Employees.DepartmentId = Department.Id
	--mis on right join
	--nõitab paremas tabelis olevaid võõrtuseid,
	--mis ei ³hti vasaku (Employees) tabeliga

	--outer join
	select Name, Gender, Salary, DepartmentName
	from Employees
	full outer join Department
	on Employees.DepartmentId = Department.Id
	--m§lema tabeli read kuvab

	--teha cross join
	select Name, Gender, Salary, DepartmentName
	from Employees
	cross join Department
	--korrutab k§ik omavahel lõbi

	--teha left join, kus Employees tabelist DepartmentId on NULL
	select Name, Gender, Salary, DepartmentName
	from Employees
	left join Department
	on Employees.DepartmentId = Department.Id
	where Employees.DepartmentId is NULL

	--teine variant ja sama tulemus
	select Name, Gender, Salary, DepartmentName
	from Employees
	left join Department
	on Employees.DepartmentId = Department.Id
	where Department.Id is NULL
	--nõitab ainult neid, kellel on vasakus tabelis (Employees)
	--DepartmentId NULL

	select Name, Gender, Salary, DepartmentName
	from Employees
	right join Department
	on Employees.DepartmentId = Department.Id
	where Employees.DepartmentId is NULL
	--nõitab ainult paremas tabelis olevat rida,
	--mis ei kattu Employees-ga

	--full join
	--peab nõitama m§lema tabeli mitte-kattuvate võõrtustega read kuvab võlja
	select Name, Gender, Salary, DepartmentName
	from Employees
	full join Department
	on Employees.DepartmentId = Department.Id
	where Employees.DepartmentId is NULL
	or DepartmentId is NULL

	--teete AdventureWorksLT2019 andmebassile join põringud
	--inner join, left join, right join, cross join, full join
	--tabeleid selle andmebaasi juurde ei tohi teha

	--Inner Join
	USE AdventureWorksLT2019
	select NameStyle, Title, FirstName
	from SalesLT.Customer
	inner join SalesLT.CustomerAddress
	on SalesLT.CustomerAddress.CustomerId = SalesLT.Customer.CustomerId

	--Left Join
	USE AdventureWorksLT2019
	select NameStyle, Title, FirstName
	from SalesLT.Customer
	left join SalesLT.CustomerAddress
	on SalesLT.CustomerAddress.CustomerId = SalesLT.Customer.CustomerId

	--Right Join
	USE AdventureWorksLT2019
	select NameStyle, Title, FirstName
	from SalesLT.Customer
	right join SalesLT.CustomerAddress
	on SalesLT.CustomerAddress.CustomerId = SalesLT.Customer.CustomerId
	 
	 --Cross Join
	USE AdventureWorksLT2019
	select NameStyle, Title, FirstName
	from SalesLT.Customer
	cross join SalesLT.CustomerAddress

	--Full Join
	USE AdventureWorksLT2019
	select NameStyle, Title, FirstName
	from SalesLT.Customer
	full  join SalesLT.CustomerAddress
	on SalesLT.CustomerAddress.CustomerId = SalesLT.Customer.CustomerId

	--m§nikord peab muutuja ette kirjutama tabeli nimetuse nagu on Product.Name
	--et editor saaks aru, et kumma tabeli muutujat soovitakse kasutada ja ei tekiks
	--segadust
	select Product.Name as [Product Name], ProductNumber, ListPrice, ProductModel.Name as [Product Model Name]
	--m§nikord peab ka tabeli ette kirjutama tõpsustama info
	--nagu on Sales.LT Producti ees
	from SalesLT.Product
	inner join SalesLT.ProductModel
	--antud juhul producti tabelis ProductModelId v§§rv§ti,
	--mis ProfuctModeli tabelis on primaarv§ti
	on Product.ProductModelId = ProductModel.ProductModelId

	--isnull funktisiooni kasutamine
	select ISNULL('Ingvar', 'No Manager') as Manager

	-- null asemel kuvab No Manager
	select coalesce(NULL, 'No Manager') as Manager

	alter table Employees
	add ManagerId int

	--neile kellel ei ole ³lemust, siis paneb neile No Manager teksti
	--kasutage left joini
	select E.Name as Employee, ISNULL(m.Name, 'No Manager') as Manager
	from Employees E
	left join Employees M
	on E.ManagerId = M.Id

	--kasutame inner join
	--kuvab ainult ManagerId all olevate isikute võõrtused
	select E.Name as Employee, ISNULL(m.Name, 'No Manager') as Manager
	from Employees E
	inner join Employees M
	on E.ManagerId = M.Id

	--k§ik saavad k§ikide ³lemused olla
	select E.Name as Employee, ISNULL(m.Name, 'No Manager') as Manager
	from Employees E
	cross join Employees M

	--lisame tabelisse uued veerud
	Alter Table Employees
	add MiddleName nvarchar(30)

	alter table Employees
	add LastName nvarchar(30)

	select * from Employees

	--muudame olemas oleva veeru nimetust
	sp_rename 'Employees.Name', 'FirstName'

	update Employees
	set MiddleName = 'Nick'
	where Id = 1

	update Employees
	set LastName = 'Jones'
	where Id = 1

	update Employees
	set LastName = 'Anderson'
	where Id = 2

	update Employees
	set LastName = 'Smith'
	where Id = 4

	update Employees
	set FirstName = NULL
	Where Id = 5

	update Employees
	set MiddleName = 'Todd'
	where Id = 5

	update Employees
	set LastName = 'Someone'
	where Id = 5

	update Employees
	set MiddleName = 'Ten'
	where Id = 6

	update Employees
	set LastName = 'Sven'
	where Id = 6

	update Employees
	set LastName  = 'Connor'
	where Id = 7

	update Employees
	set MiddleName = 'Balerine'
	where Id = 8

	update Employees
	set MiddleName = '007'
	where Id = 9

	update Employees
	set LastName = 'Bond'
	where Id = 9

	Update Employees
	set FirstName = NULL
	where Id = 10

	update Employees
	set LastName = 'Crowe'
	where Id = 10

	select * from Employees

	--igast reast v§tab esimesena tõidetud lõhtri ja kuvab ainult seda
	--
	select Id, coalesce(FirstName, MiddleName, LastName) as Name
	from Employees

	--loome kaks tabelit

	create table IndianCustomers
	(
	Id int identity(1,1),
	Name nvarchar(25),
	Email nvarchar(25),
	)

	create table UKCustomers
	(
	Id int identity(1,1),
	Name nvarchar(25),
	Email nvarchar(25),
	)

	--sisetame tabelisse andmeid
	insert into IndianCustomers (Name,Email)
	values ('Raj', 'R@R.COM'),
	('Sam', 'S@S.COM')

	insert into UKCustomers (Name,Email)
	values ('Ben', 'B@B.COM'),
	('Sam', 'S@S.COM')

	SELECT * from IndianCustomers
	SELECT * from UKCustomers

	--Kasutame union all, mis nõitab k§iki ridu
	--union all ³hendab tabelite andmeid ja nõitab sisu
	Select Id, Name, Email From IndianCustomers
	union all
	Select Id, Name, Email From UKCustomers

	--korduvate võõrtustega read pannakse ³hte ja ei korrata
	Select Id, Name, Email From IndianCustomers
	union
	Select Id, Name, Email From UKCustomers

	--kasutad union all, aga sorteerid nime jõrgi
	Select Id, Name, Email From IndianCustomers
	union all
	Select Id, Name, Email From UKCustomers
	Order by name

	--stored procedure
	--tavaliselt pannakse nimetuse ette sp, mis tõhendab storedprocedure
	create procedure spGetEmployees
	as begin
		select FirstName, Gender from Employees
	end

	--n³³d saab seda kasutada alati, et nõha genderi firstname-i ja genderit
	spGetEmployees
	exec spGetEmployees
	execute spGetEmployees
	--k§ik annavad sama tulemuse

	create procedure spGetEmployeesByGenderAndDepartment
	--@ tõhendab muutujat
	@Gender nvarchar(20),
	@DepartmentId int
	as begin
	select FirstName, Gender, DepartmentId from Employees 
	where Gender = @Gender
	and DepartmentId = @DepartmentId
	end

	--kui n³³d allolevat kõsklust kõima panna, siis n§uab gender paremeetrit
	spGetEmployeesByGenderAndDepartment

	--§ige variant
	spGetEmployeesByGenderAndDepartment 'Male', 1

	--niimoodi saab sp kirja pandud jõrjekorda m§§da minna, kui ise paned muutja paika
	spGetEmployeesByGenderAndDepartment @DepartmentId = 1, @Gender = 'Male'

	--saab vaadata sp sisu result vaates
	sp_helptext spGetEmployeesByGenderAndDepartment

	--kuidas muuta sp-d ja panna sinna v§ti peale, et keegi teine peale teie ei saaks muuta
	--kuskile tuleb lisada with encryption
	alter procedure spGetEmployeesByGenderAndDepartment
	@Gender nvarchar(20),
	@DepartmentId int
	with encryption
	as begin
	select FirstName, Gender, DepartmentId from Employees 
	where Gender = @Gender
	and DepartmentId = @DepartmentId
	end

	create proc spGetEmployeeCountByGender
	@Gender nvarchar(20),
	@EmployeeCount int output
	as begin
	select @EmployeeCount = COUNT(Id) from Employees where Gender = @Gender
	end
	--annab tulemuse, kus loendab n§uetele vastavad read
	--prindib ka tulemuse kirja teel
	--tuleb teha declare muutuja @TotalCount, mis on int
	--execute spGetEmployeeCountByGender sp, kus on parameetrid Male ja TotalCount
	--id ja else, kui TotalCount = 0, siis tuleb tekst TotalCount is null
	--l§pus kasuta print @TotalCounti puhul

	declare @TotalCount int

	execute spGetEmployeeCountByGender 'Male', @TotalCount out
	if(@TotalCount = 0)
	print '@TotalCount is null'
	else
	print '@Total is not null'
	print @TotalCount

	--nõitab õra mitu rida vastab n§uetele

	--deklareerime muutuja @TotalCount, mis on int andmet³³p
	declare @TotalCount int
	--kõivitame stored procedure spGetEmployeeCountByGender, kus on parameetrid
	--@EmployeeCount = @TotalCount out ja @Gender
	exec spGetEmployeeCountByGender @EmployeeCount = @TotalCount out, @Gender = 'Male'
	--prindib konsooli võlja, kui TotalCount on null v§i mitte null
	print @TotalCount

	--sp sisu vaatamine
	sp_help spGetEmployeeCountByGender
	--tabeli info vaatamine
	sp_help
	--kui soovid sp teksti nõha
	sp_helptext spGetEmployeeCountByGender

	--vaatame, millest s§ltub meie valitud sp
	sp_depends spGetEmployeeCountByGender
	--nõitab, et s§ltub Employees tabelist, kuna seal on count(Id)
	-- ja Id on Employees tabelis

	--vaatame tabelit
	sp_depends Employees

	--teeme sp, mis annab andmeid Id ja Name veergude kohta Employees tabelis
	create procedure spGetNamebyId
	@Id int,
	@Name nvarchar(20) output
	as begin
	select @Id = Id, @Name = FirstName from Employees
	end

	--annab kogu tabeli ridade arvu
	create proc spTotalCount2
	@TotalCount int output
	as begin
	select @TotalCount = COUNT(Id) from Employees
	end

	--on vaja teha uus põring, kus kasutame SpTotalCount2 sp-d, 
	--et saada tabelite ridade arv
	--tuleb deklareerida muutuja @TotalCount, mis on int andmet³³p
	--tuleb execute spTotalCount2, kus parameeter @TotalCount = @TotalCount out
	declare @TotalCount int

	execute spTotalCount2
	@TotalCount = @TotalCount out
	select @TotalCount

	--mis Id all on keegi nime jõrgi
	create proc spGetNameById1
	@Id int,
	@FirstName nvarchar(20) output
	as begin
	select @FirstName = FirstName From Employees where Id = @Id
	end

	--annab tulemuse, kus id 1 (seda numbrit saab muuta) real on keegi koos nimega
	--print tuleb kasutada, et nõidata tulemust

	declare @FirstName nvarchar(20)

	execute spGetNameById1 7,
	@FirstName output
	print 'Name of the employee = ' +  @FirstName

	--tehke sama mis eelmine, aga kasutage spGetNameById sp-d
	--FirstName l§pus on out

	declare @Name nvarchar(20)
	execute spGetNameById 1,
	@Name Out
	print 'Name of the Employee = ' + @Name

	--output tagastab muudetud read kohe põringu tulemusena
	--see on salvestatud protseduuris ja ³he võõrtuse tagastamine
	--out ei anna mitte midagi, kui seda ei mõõra execute kõsus

	sp_help spGetNameById

	create proc spGetNameById2
	@Id int
	--kui on begin, siis on ka end kuskil olemas
	as begin
		return (select FirstName from Employees where Id = @Id)
	end

	--tuleb veateade kuna kutsusime võlja int-i, aga "Tom" on nvarchar
	declare @EmployeeName nvarchar(50)
	exec @EmployeeName = spGetNameById2 1
	print 'Name of The Employee = ' + @EmployeeName

	--sisseehitatud string funktsioonid
	--see konverteerib ASCII tõhe võõrtuse numbriks
	select ASCII('A')

	select CHAR(122)

	--prindime kogu tõhestiku võlja
	--kasutate while, et nõidata kogu tõhestik ette
	declare @Start int
	set @Start = 97 
	while (@Start <= 122)
	begin
		select CHAR(@Start)
		set @Start = @Start + 1
	end

	--eemaldame t³hjad kohad sulgudes
	select LTRIM('                    Hello')
	select ('                    Hello')

	--t³hikute eemaldamine veerust, mis on tabelis
	select FirstName, MiddleName, LastName from Employees
	select lTRIM(FirstName) as FirstName, MiddleName, LastName from Employees

	--paremalt poolt t³hjad stringid l§ikab õra
	select RTRIM('               Hello                    ')
	select ('             Hello                    ')

	--keerab kooloni sees olevad andmed vastupidiseks
	--vastavalt lower-ga ja upper-ga saan muuta mõrkide suurust
	--reverse funktsioon p÷÷rab k§ik ³mber
	select REVERSE(upper(ltrim(FirstName))) as FirstName, MiddleName, LOWER(LastName),
	rtrim(ltrim(FirstName)) + ' ' + MiddleName + ' ' + LastName as FullName
	from Employees

	--left, right, substring
	--vasakult poolt neli esimest tõhte
	select LEFT('ABCDEF', 4)
	--paremalt poolt kolm esimest tõhte
	select right('ABCDEF', 3)

	--kuvab @-tõhemõrgi asetust ehk mitmes on @-mõrk
	select CHARINDEX('@', 'sara@aaa.com')

	--esimene nr peale komakohta nõitab, et mitmendast alustab ja
	--siis mitu nr peale seda kuvab
	select SUBSTRING('pam@bbb.com', 5, 4)

	-- @-mõrgist kuvab kolm tõhemõrki. Viimase nr-ga saab mõõrata pikkust
	select SUBSTRING('pam@bbb.com', charindex('@', 'pam@bbb.com') + 1, 3)

	--peale @-mõrki hakkab kuvama tulemst, nr saab kaugust seadistada
	select SUBSTRING('pam@bbb.com', charindex('@', 'pam@bbb.com') + 2,
	LEN('pam@bbb.com') - charindex('@', 'pam@bbb.com'))

	alter table Employees
	add Email nvarchar(20)

	insert into Employees (Email)
	values ('Tom@aaa.com'),
	('Pam@bbb.com'),
	('John@aaa.com'),
	('Sam@bbb.com'),
	('Todd@bbb.com'),
	('Ben@ccc.com'),
	('Sara@cc.com'),
	('Valarie@aaa.com'),
	('James@bbb.com'),
	('Russel@bbb.com'),
	update Employees
	set Email = Case Id
	when 1 then 'Tom@aaa.com'
	when 2 then'Pam@bbb.com'
	when 3 then 'John@aaa.com'
	when 4 then 'Sam@bbb.com'
	when 5 then 'Todd@bbb.com'
	when 6 then 'Ben@ccc.com'
	when 7 then 'Sara@cc.com'
	when 8 then 'Valarie@aaa.com'
	when 9 then 'James@bbb.com'
	when 10 then 'Russel@bbb.com'
	end
	select * from Employees

	--soovime teada saada domeenimesid emailides
	select substring (Email, Charindex('@', Email) + 1,
	len(Email) - charindex('@', Email)) as EmailDomain
	from Employees

	--alates teisest tõhest emailis kuni @ mõrgini on tõrnid
	select FirstName, LastName,
	substring(Email, 1, 2) +
	REPLICATE('*', 5) +
	substring (Email, charindex('@', Email), len(Email) - charindex('@' Email)+1) as Emails

	from Employees

	--kolm korda nõitab stringis olevat võõrtust
	selecct REPLICATE('asd', 3)
	c
	--t³hiku sisestacmine
	select SPACE(5)c
	ncncncncncncncc
	--t³hiku sisestamine FirstName ja LastName vahele
	SELECT FirstName + SPACE(25) + LastName AS FullName
	FROM Employees;
	
	--PATINDEX
	--sama, mis charindex, aga d³naamilisem ja saab kasutada wildcardi
	select Email, PATINDEX('%@aaa.com', Email) as FirstOccurence
	from Employees
	where PATINDEX('%@aaa.com', Email) > 0
	--leian k§ik selle domeeni esindajad ja alates mitmendast mõrgist algab @

	--k§ik .com emailid asendab .net-ga
	SELECT Email, REPLACE(Email, '.com', '.net') as ConvertedEmail
	FROM Employees;
	
	--soovin asendada peale esimest mõrki kolm tõhte viie tõrniga
	Select FirstName, LastName, Email,
	stuff(Email, 2, 3, '*****') as StuffedEmail
	from Employees

	create table DateTime
	(
		c_time time,
		c_date date,
		c_smalldatetime smalldatetime,
		c_datetime datetime,
		c_datetime2 datetime2,
		c_datetimeoffset datetimeoffset
	)

	select * from DateTime

	--konkreetse masina kellaaeg
	select GETDATE(), 'GETDate()'

	insert into DateTime
	values (GETDATE(), GETDATE(),GETDATE(),GETDATE(),GETDATE(),GETDATE())

	select * from DateTime

	update DateTime set c_datetimeoffset = '2027-03-19 14:25:28.7533333 +10:00'
	where c_datetimeoffset = '2026-03-19 14:25:28.7533333 +00:00'

	select CURRENT_TIMESTAMP, 'CURRENT_TIMESTAMP' --aja põring
	select SYSDATETIME(), 'SYSDATETIME' --veel tõpsem aja põring
	select SYSDATETIMEOFFSET(), 'SYSDATETIMEOFFSET' --tõpne aeg koos ajalise nihkega
	select GETUTCDATE(), 'GETUTCDATE' --UTC aeg

	--saab kontrollida, kas on §ige andmet³³p
	select ISDATE('asd') -- tagastab 0 kuna string ei ole date

	--kuidas saada vastuseks 1 isdate puhul
	select ISDATE('2029-03-19')
	select ISDATE(getdate())

	select ISDATE('2026-03-19 14:25:28.7533333') --tagastab 0 kuna max kolm komakohta v§ib olla
	select ISDATE('2026-03-19 14:25:28.753') --tagastab 1

	select DAY(getdate()) --annab tõnase põeva numbri

	select DAY('04/01/2026') --annab stringis oleva kuupõeva ja jõrjestus peab olema §ige
	--(põev/kuu/aasta)

	select month(getdate()) --annab jooksva kuu numbri
	select month('01/04/2026') --annab stringis oleva kuu ja jõrjestus peab olema §ige

	select year(getdate()) --annab jooksva aasta numbri
	select year('01/04/2026') --annab stringis oleva aasta ja jõrjestus peab olema §ige

	select DATENAME(day, '2026-03-19 14:25:28.753') --tuvastab õra põeva numbri
	select DATENAME(weekday, '2026-03-19 14:25:28.753') --annab stringis oleva põeva s§nana
	select DATENAME(month, '2026-03-19 14:25:28.753') --annab stringis oleva kuu s§nana

	create table EmployeesWithDates
	(
		Id nvarchar(2),
		Name nvarchar(20),
		DateOfBirth datetime
	)

	select * from EmployeesWithDates
	insert into EmployeesWithDates (Id, Name, DateOfBirth)
	values ('1', 'Sam', '1980-12-30 00:00:00.000'),
	('2', 'Pam', '1982-09-01 12:02:36.260'),
	('3', 'John', '1985-08-22 12:03:30.370'),
	('4', 'Sara', '1979-11-29 12:59:30.670')
	
